"source","term_name","term_id","highlighted","adjusted_p_value","negative_log10_of_adjusted_p_value","term_size","query_size","intersection_size","effective_domain_size","intersections"
"GO:BP","glial cell differentiation","GO:0010001","true","0.00006965302720563575","4.157060003861216","259","28","7","21031","OLIG1,ID2,VIM,GPM6B,TUBA1A,PTN,CLU"
"GO:BP","gliogenesis","GO:0042063","false","0.0004904056983518348","3.309444492102244","345","28","7","21031","OLIG1,ID2,VIM,GPM6B,TUBA1A,PTN,CLU"
"GO:BP","sequestering of actin monomers","GO:0042989","true","0.0006411629070408549","3.1930316106682466","11","28","3","21031","TMSB4X,TMSB15A,GSN"
"GO:BP","oligodendrocyte differentiation","GO:0048709","false","0.021855462582797285","1.6604399969972423","107","28","4","21031","OLIG1,GPM6B,PTN,CLU"
"GO:CC","extracellular exosome","GO:0070062","true","0.0000011354789294494633","5.944820920368713","2109","28","15","22097","RPS4X,ANXA2,MEST,RPS11,EEF1A1,RPL26,RPL11,VIM,ACTG1,GSN,TUBA1A,TPI1,CLU,HLA-C,CD63"
"GO:CC","extracellular vesicle","GO:1903561","false","0.000001326942922401406","5.877147757632349","2133","28","15","22097","RPS4X,ANXA2,MEST,RPS11,EEF1A1,RPL26,RPL11,VIM,ACTG1,GSN,TUBA1A,TPI1,CLU,HLA-C,CD63"
"GO:CC","cytoskeleton","GO:0005856","true","0.021430161016969852","1.6689745658448352","2430","28","11","22097","TUBB2B,EEF1A1,CNN3,TMSB4X,SLC25A5,TMSB15A,VIM,ACTG1,GSN,TUBA1A,CLU"
"REAC","Response of EIF2AK4 (GCN2) to amino acid deficiency","REAC:R-HSA-9633012","false","0.0003767546347601666","3.4239413963766103","102","21","5","10842","RPS4X,RPS11,RPL26,RPL11,RPL15"
"REAC","Axon guidance","REAC:R-HSA-422475","false","0.0014535962800120475","2.837556197128412","549","21","8","10842","RPS4X,TUBB2B,RPS11,RPL26,RPL11,ACTG1,TUBA1A,RPL15"
"REAC","Nervous system development","REAC:R-HSA-9675108","false","0.0020234412572369123","2.69390939914401","574","21","8","10842","RPS4X,TUBB2B,RPS11,RPL26,RPL11,ACTG1,TUBA1A,RPL15"
"REAC","Cellular response to starvation","REAC:R-HSA-9711097","false","0.0031497764505383726","2.501720268350969","157","21","5","10842","RPS4X,RPS11,RPL26,RPL11,RPL15"
"REAC","RHO GTPases activate IQGAPs","REAC:R-HSA-5626467","false","0.009363374517608065","2.0285676052940986","32","21","3","10842","TUBB2B,ACTG1,TUBA1A"
"REAC","Gap junction trafficking and regulation","REAC:R-HSA-157858","false","0.03617995017026564","1.4415320356186476","50","21","3","10842","TUBB2B,ACTG1,TUBA1A"
"CORUM","pERK-vimentin-KPNA2 complex","CORUM:6509","false","0.04938165572485628","1.3064343526358897","3","17","2","3383","KPNA2,VIM"
