"source","term_name","term_id","highlighted","adjusted_p_value","negative_log10_of_adjusted_p_value","term_size","query_size","intersection_size","effective_domain_size","intersections"
"GO:BP","glial cell development","GO:0021782","true","0.018700296168212834","1.7281515152174052","132","23","4","21031","PLP1,NTRK2,CNTN1,GFAP"
"REAC","Response of EIF2AK4 (GCN2) to amino acid deficiency","REAC:R-HSA-9633012","false","0.003899018885833597","2.4090446611973815","102","16","4","10842","RPS18,RPS11,RPL9,RPL39"
"REAC","Axon guidance","REAC:R-HSA-422475","false","0.026879153068763678","1.5705844195228693","549","16","6","10842","TUBB2A,RPS18,CNTN1,RPS11,RPL9,RPL39"
"TF","Factor: HSF1; motif: NRGAANNTTCYRGAA; match class: 1","TF:M09950_1","false","0.015613557627552467","1.8064981294823155","250","23","5","20045","RPS18,MAT2A,CNTN1,CRYAB,RPL39"
"CORUM","Nop56p-associated pre-rRNA complex","CORUM:3055","false","0.017627828069378952","1.753801193973562","93","10","4","3383","RPS18,RPS11,RPL9,RPL39"
