Gene 1,Gene 2,Perturbation_Score
OLIG1,UGDH,29.56927269
UGDH,OLIG1,29.56927269
ITM2B,ITM2B,29.36486449
SLC25A5,SLC25A5,29.36486449
RPS4X,RPS4X,29.36486449
HLA-DMB,SGCE,29.0617458
SPARCL1,JUN,29.0617458
JUN,S100A16,29.0617458
RPS25,SRGN,29.0617458
HLA-DMB,PMP22,29.0617458
SRGN,RPS25,29.0617458
RPS25,ARHGDIB,29.0617458
SGCE,HLA-DMB,29.0617458
ARHGDIB,RPS25,29.0617458
JUN,SPARCL1,29.0617458
S100A16,JUN,29.0617458
PMP22,HLA-DMB,29.0617458
TMSB15A,TMSB15A,28.94982699
MEST,MEST,28.94982699
FCER1G,FCER1G,28.94982699
PTN,TUBB2B,28.78171281
TUBB2B,PTN,28.78171281
RPL11,SGCE,28.68400932
HSPB1,SPARCL1,28.68400932
ARHGDIB,RPS13,28.68400932
RPS13,SRGN,28.68400932
HSPB1,S100A16,28.68400932
SPARCL1,HSPB1,28.68400932
RPS13,ARHGDIB,28.68400932
S100A16,HSPB1,28.68400932
